?,Axl,Affiliate,Network,Dashboard,,,,,,,,,,,,,,,,
Last,updated:,2026-06-11, · ,Amazon,tag: brazenprodu01-20,,,,,,,,,,,,,,,
300A,·,Affiliate72B,·,Branded+Aff12C,·,Built/Brand590D,·,Parked51F,·,Forwards12X,·,Protected368?,Live,Sites1037Total,Domains,,,,,
Last,site,audit:,2026-06-11,06:00:00 AM,UTC, · ,368,of,384,built,sites,live,,,,,,,,
APure,Amazon,affiliateBAmazon,+,our,brand,"#1CBuilt,",not,in,affiliate,"systemDRegistered,",no,site,builtFForwards,to,brand,siteXProtected,-,do,not,touch
Type,#,Domain,Niche,Brand,Status,Commission,,,,,,,,,,,,,,
-,A,·,Pure,Affiliate,Sites,-300,-,,,,,,,,,,,,,
A,1,autoshipfilter.com,HVAC Filters,,?,1-4%,,,,,,,,,,,,,,
A,2,bestdutchoven.com,Kitchen,,? err,1-4%,,,,,,,,,,,,,,
A,3,bestantiagingsupplement.com,Supplements,,? err,20-75%,,,,,,,,,,,,,,
A,4,bestbloodsugarsupplement.com,Supplements,,?,20-75%,,,,,,,,,,,,,,
A,5,bestfatburnerpills.com,Supplements,,?,20-75%,,,,,,,,,,,,,,
A,6,bestgarageheater.com,General,,?,1-4%,,,,,,,,,,,,,,
A,7,bestcarwashkit.com,Car Detailing,,?,1-4%,,,,,,,,,,,,,,
A,8,bestcarwashkits.com,Car Detailing,,?,1-4%,,,,,,,,,,,,,,
A,9,bestdetailingkit.com,Car Detailing,,?,1-4%,,,,,,,,,,,,,,
A,10,bestcompactlaser.com,General,,?,1-4%,,,,,,,,,,,,,,
A,11,bestbaseballmitts.com,Sports,,?,1-4%,,,,,,,,,,,,,,
A,12,bestdiningapp.com,Restaurant Apps,,?,3-5%,,,,,,,,,,,,,,
A,13,bestdogtrainingcourse.com,Pet,,? err,20-75%,,,,,,,,,,,,,,
A,14,batheater.com,General,,?,1-4%,,,,,,,,,,,,,,
A,15,batheaters.com,General,,?,1-4%,,,,,,,,,,,,,,
A,16,bedtread.com,General,,?,1-4%,,,,,,,,,,,,,,
A,17,barkstrap.com,General,,?,1-4%,,,,,,,,,,,,,,
A,18,altitudeparts.com,Auto Parts,,?,1-4%,,,,,,,,,,,,,,
A,19,autopartstorenearme.com,Auto Parts,,?,1-4%,,,,,,,,,,,,,,
A,20,americapartygoods.com,General,,?,1-4%,,,,,,,,,,,,,,
A,21,americapartysupply.com,General,,?,1-4%,,,,,,,,,,,,,,
A,22,accordionfilter.com,HVAC Filters,,?,1-4%,,,,,,,,,,,,,,
A,23,airfilterforpets.com,HVAC Filters,,?,1-4%,,,,,,,,,,,,,,
A,24,allergenairfilter.com,HVAC Filters,,?,1-4%,,,,,,,,,,,,,,
A,25,andesvirusmask.com,General,,?,1-4%,,,,,,,,,,,,,,
A,26,4x4king.com,Recovery Gear,,?,1-4%,,,,,,,,,,,,,,
A,27,autoshipfilter.com,HVAC Filters,,?,1-4%,,,,,,,,,,,,,,
A,28,americapartyproducts.com,General,,?,1-4%,,,,,,,,,,,,,,
A,29,amishfirewood.com,Firewood,,?,1-4%,,,,,,,,,,,,,,
A,30,amishhardwood.com,Firewood,,?,1-4%,,,,,,,,,,,,,,
A,31,amishlandfirewood.com,Firewood,,?,1-4%,,,,,,,,,,,,,,
A,32,amishlandhardwood.com,Firewood,,?,1-4%,,,,,,,,,,,,,,
A,33,amishlandwood.com,Firewood,,?,1-4%,,,,,,,,,,,,,,
A,34,appalachianfirewood.com,Firewood,,?,3-5%,,,,,,,,,,,,,,
A,35,andesvirusmasks.com,General,,?,1-4%,,,,,,,,,,,,,,
A,36,andesvirusoutbreak.com,General,,?,1-4%,,,,,,,,,,,,,,
A,37,18wheelergear.com,General,,?,1-4%,,,,,,,,,,,,,,
A,38,18wheelgear.com,General,,?,1-4%,,,,,,,,,,,,,,
A,39,4x4stomper.com,Recovery Gear,,?,1-4%,,,,,,,,,,,,,,
A,40,4x4stompers.com,Recovery Gear,,?,1-4%,,,,,,,,,,,,,,
A,41,allbrandsdirect.com,General,,?,1-4%,,,,,,,,,,,,,,
A,42,andesvirusfilter.com,HVAC Filters,,?,1-4%,,,,,,,,,,,,,,
A,43,andesvirustransmission.com,General,,?,1-4%,,,,,,,,,,,,,,
A,44,andesvirustreatment.com,General,,?,1-4%,,,,,,,,,,,,,,
A,45,autopartsreviewed.com,Auto Parts,,?,1-4%,,,,,,,,,,,,,,
A,46,autoshipfilter.com,HVAC Filters,,?,1-4%,,,,,,,,,,,,,,
A,47,amerikantool.com,General,,?,1-4%,,,,,,,,,,,,,,
A,48,bestbattinggloves.com,Sports,,?,1-4%,,,,,,,,,,,,,,
A,49,bestdiningapps.com,Restaurant Apps,,?,3-5%,,,,,,,,,,,,,,
A,50,bestfiltering.com,HVAC Filters,,?,1-4%,,,,,,,,,,,,,,
A,51,bestfoodapps.com,General,,?,3-5%,,,,,,,,,,,,,,
A,52,besthairgrowthsupplement.com,Supplements,,?,20-75%,,,,,,,,,,,,,,
A,53,besthardfirewood.com,Firewood,,?,1-4%,,,,,,,,,,,,,,
A,54,bestheadlightrestoration.com,LED Lighting,,?,1-4%,,,,,,,,,,,,,,
A,55,besthomefilter.com,HVAC Filters,,?,1-4%,,,,,,,,,,,,,,
A,56,besthomefilter.com,HVAC Filters,,?,1-4%,,,,,,,,,,,,,,
A,57,besthomefilters.com,HVAC Filters,,?,1-4%,,,,,,,,,,,,,,
A,58,besthousefilter.com,HVAC Filters,,?,1-4%,,,,,,,,,,,,,,
A,59,besthousefilters.com,HVAC Filters,,?,1-4%,,,,,,,,,,,,,,
A,60,besthvacfilter.com,HVAC Filters,,? 404,1-4%,,,,,,,,,,,,,,
A,61,besthvacfilter.com,HVAC Filters,,? 404,1-4%,,,,,,,,,,,,,,
A,62,bestice-maker.com,General,,?,1-4%,,,,,,,,,,,,,,
A,63,bestketosupplement.com,Supplements,,?,1-4%,,,,,,,,,,,,,,
A,64,bestlearningapp.com,General,,?,3-5%,,,,,,,,,,,,,,
A,65,bestledlightbars.com,LED Lighting,,?,1-4%,,,,,,,,,,,,,,
A,66,bestmassage-gun.com,General,,?,1-4%,,,,,,,,,,,,,,
A,67,bestnewmobileapps.com,General,,?,3-5%,,,,,,,,,,,,,,
A,68,bestnootropicguide.com,Supplements,,?,20-75%,,,,,,,,,,,,,,
A,69,bestofficefilter.com,HVAC Filters,,?,1-4%,,,,,,,,,,,,,,
A,70,bestofficefilter.com,HVAC Filters,,?,1-4%,,,,,,,,,,,,,,
A,71,bestofficefilters.com,HVAC Filters,,?,1-4%,,,,,,,,,,,,,,
A,72,bestoffroadbrands.com,Recovery Gear,,?,1-4%,,,,,,,,,,,,,,
A,73,bestorbitalsandpaper.com,Abrasives,,?,1-4%,,,,,,,,,,,,,,
A,74,bestpastamaker.com,Kitchen,,? err,1-4%,,,,,,,,,,,,,,
A,75,bestportableacs.com,General,,?,1-4%,,,,,,,,,,,,,,
A,76,bestreciprocatingsaw.com,General,,? err,1-4%,,,,,,,,,,,,,,
A,77,bestrecoverykit.com,Seat Covers,,?,1-4%,,,,,,,,,,,,,,
A,78,bestshedplans.com,General,,?,1-4%,,,,,,,,,,,,,,
A,79,bestsousvide.com,Kitchen,,? err,1-4%,,,,,,,,,,,,,,
A,80,beststandmixer.com,Kitchen,,?,1-4%,,,,,,,,,,,,,,
A,81,besttestosteronepills.com,Supplements,,?,20-75%,,,,,,,,,,,,,,
A,82,besttireinflator.com,Tires,,? err,1-4%,,,,,,,,,,,,,,
A,83,besttrucktopper.com,Truck Accessories,,?,1-4%,,,,,,,,,,,,,,
A,84,bestwaterfilterpitcher.com,HVAC Filters,,?,1-4%,,,,,,,,,,,,,,
A,85,bestwindshieldwiper.com,General,,?,1-4%,,,,,,,,,,,,,,
A,86,bestzeroturnmower.com,Outdoor Power,,?,1-4%,,,,,,,,,,,,,,
A,87,bigrigcovers.com,Seat Covers,,?,1-4%,,,,,,,,,,,,,,
A,88,bigrigseatcovers.com,Seat Covers,,?,1-4%,,,,,,,,,,,,,,
A,89,boxohardfirewood.com,Firewood,,?,1-4%,,,,,,,,,,,,,,
A,90,boxowood.com,General,,?,1-4%,,,,,,,,,,,,,,
A,91,broncobimini.com,Jeep / Off-Road,,?,1-4%,,,,,,,,,,,,,,
A,92,broncobiminis.com,Jeep / Off-Road,,?,1-4%,,,,,,,,,,,,,,
A,93,broncobumper.com,Jeep / Off-Road,,?,1-4%,,,,,,,,,,,,,,
A,94,broncocage.com,Jeep / Off-Road,,?,1-4%,,,,,,,,,,,,,,
A,95,broncofloormats.com,Jeep / Off-Road,,?,1-4%,,,,,,,,,,,,,,
A,96,broncoheadliners.com,Jeep / Off-Road,,?,1-4%,,,,,,,,,,,,,,
A,97,cabrettaleather.com,General,,?,1-4%,,,,,,,,,,,,,,
A,98,cabrettaleathergloves.com,Sports,,?,1-4%,,,,,,,,,,,,,,
A,99,canamaccessories.com,General,,?,1-4%,,,,,,,,,,,,,,
A,100,commanderseats.com,Seat Covers,,?,1-4%,,,,,,,,,,,,,,
A,101,commanderupgrades.com,General,,?,1-4%,,,,,,,,,,,,,,
A,102,commercialhvacfilter.com,HVAC Filters,,?,1-4%,,,,,,,,,,,,,,
A,103,commercialhvacfilters.com,HVAC Filters,,?,1-4%,,,,,,,,,,,,,,
A,104,commercialprefilter.com,HVAC Filters,,?,1-4%,,,,,,,,,,,,,,
A,105,commercialprefilters.com,HVAC Filters,,?,1-4%,,,,,,,,,,,,,,
A,106,cushionmasters.com,General,,?,1-4%,,,,,,,,,,,,,,
A,107,cybertruckbumper.com,Truck Accessories,,?,1-4%,,,,,,,,,,,,,,
A,108,cybertruckgen1.com,Truck Accessories,,?,1-4%,,,,,,,,,,,,,,
A,109,cybertruckseat.com,Seat Covers,,?,1-4%,,,,,,,,,,,,,,
A,110,cybertruckseatcover.com,Seat Covers,,?,1-4%,,,,,,,,,,,,,,
A,111,cybertruckseats.com,Seat Covers,,?,1-4%,,,,,,,,,,,,,,
A,112,cybertruckstorage.com,Truck Accessories,,?,1-4%,,,,,,,,,,,,,,
A,113,devilspitwood.com,General,,?,1-4%,,,,,,,,,,,,,,
A,114,diablowood.com,General,,?,1-4%,,,,,,,,,,,,,,
A,115,dragonfirewood.com,Firewood,,?,1-4%,,,,,,,,,,,,,,
A,116,dragonsbreathwood.com,General,,?,1-4%,,,,,,,,,,,,,,
A,117,dryvmotorsports.com,General,,?,1-4%,,,,,,,,,,,,,,
A,118,electricvehicleupgrades.com,EV / Electric,,?,1-4%,,,,,,,,,,,,,,
A,119,evautosupply.com,Auto Parts,,?,1-4%,,,,,,,,,,,,,,
A,120,evupfitter.com,General,,?,1-4%,,,,,,,,,,,,,,
A,121,exteriormolle.com,MOLLE / Tactical,,?,1-4%,,,,,,,,,,,,,,
A,122,fatfirewood.com,Firewood,,?,1-4%,,,,,,,,,,,,,,
A,123,fatwoodfirewood.com,Firewood,,?,1-4%,,,,,,,,,,,,,,
A,124,filterindustrial.com,HVAC Filters,,?,1-4%,,,,,,,,,,,,,,
A,125,filterpurchase.com,HVAC Filters,,?,1-4%,,,,,,,,,,,,,,
A,126,filtersizes.com,HVAC Filters,,?,1-4%,,,,,,,,,,,,,,
A,127,filtersubscriptions.com,HVAC Filters,,?,1-4%,,,,,,,,,,,,,,
A,128,bestshower-head.com,Kitchen,,?,1-4%,,,,,,,,,,,,,,
A,129,bestheating-pad.com,General,,?,1-4%,,,,,,,,,,,,,,
A,130,bestlabel-maker.com,General,,?,1-4%,,,,,,,,,,,,,,
A,131,bestmagnesiumglycinate.com,General,,?,1-4%,,,,,,,,,,,,,,
A,132,bestmini-fridge.com,Kitchen,,?,1-4%,,,,,,,,,,,,,,
A,133,bestnecklifttape.com,General,,?,1-4%,,,,,,,,,,,,,,
A,134,bestportable-ac.com,General,,?,1-4%,,,,,,,,,,,,,,
A,135,bestportable-charger.com,General,,?,1-4%,,,,,,,,,,,,,,
A,136,bestpower-bank.com,General,,?,1-4%,,,,,,,,,,,,,,
A,137,besttirepatch.com,Tires,,?,1-4%,,,,,,,,,,,,,,
A,138,bestvibrationplate.com,General,,?,1-4%,,,,,,,,,,,,,,
A,139,fungolfbag.com,Sports,,?,1-4%,,,,,,,,,,,,,,
A,140,fungolfsack.com,Sports,,?,1-4%,,,,,,,,,,,,,,
A,141,funnygolfgear.com,Sports,,?,1-4%,,,,,,,,,,,,,,
A,142,funnygolfgift.com,Sports,,?,1-4%,,,,,,,,,,,,,,
A,143,funnygolfsack.com,Sports,,?,1-4%,,,,,,,,,,,,,,
A,144,furnaceprefilter.com,HVAC Filters,,?,1-4%,,,,,,,,,,,,,,
A,145,furnaceprefilter.com,HVAC Filters,,?,1-4%,,,,,,,,,,,,,,
A,146,furnaceprefilters.com,HVAC Filters,,?,1-4%,,,,,,,,,,,,,,
A,147,guardiansballclub.com,General,,?,1-4%,,,,,,,,,,,,,,
A,148,hardwarestrap.com,Hardware,,?,1-4%,,,,,,,,,,,,,,
A,149,hellfirewood.com,Firewood,,?,1-4%,,,,,,,,,,,,,,
A,150,homehvacfilters.com,HVAC Filters,,?,1-4%,,,,,,,,,,,,,,
A,151,homeprefilter.com,HVAC Filters,,?,1-4%,,,,,,,,,,,,,,
A,152,homeprefilters.com,HVAC Filters,,?,1-4%,,,,,,,,,,,,,,
A,153,hvachomefilters.com,HVAC Filters,,?,1-4%,,,,,,,,,,,,,,
A,154,hvachomefilters.com,HVAC Filters,,?,1-4%,,,,,,,,,,,,,,
A,155,hvacprefilter.com,HVAC Filters,,?,1-4%,,,,,,,,,,,,,,
A,156,hvacprefilters.com,HVAC Filters,,?,1-4%,,,,,,,,,,,,,,
A,157,ifrapparel.com,FR Apparel,,?,3-5%,,,,,,,,,,,,,,
A,158,ifrclothing.com,FR Apparel,,?,1-4%,,,,,,,,,,,,,,
A,159,ifrgear.com,FR Apparel,,?,1-4%,,,,,,,,,,,,,,
A,160,insectstrip.com,General,,?,1-4%,,,,,,,,,,,,,,
A,161,insectstrips.com,General,,?,1-4%,,,,,,,,,,,,,,
A,162,jackpallet.com,Industrial,,?,1-4%,,,,,,,,,,,,,,
A,163,jmuparts.com,Auto Parts,,?,1-4%,,,,,,,,,,,,,,
A,164,kidskingloves.com,Sports,,?,1-4%,,,,,,,,,,,,,,
A,165,kilndriedcookingwood.com,Firewood,,?,1-4%,,,,,,,,,,,,,,
A,166,lightningaftermarket.com,LED Lighting,,?,1-4%,,,,,,,,,,,,,,
A,167,lightningbumper.com,LED Lighting,,?,1-4%,,,,,,,,,,,,,,
A,168,lightningexterior.com,LED Lighting,,?,1-4%,,,,,,,,,,,,,,
A,169,lightninginterior.com,LED Lighting,,?,1-4%,,,,,,,,,,,,,,
A,170,lightningseats.com,Seat Covers,,?,1-4%,,,,,,,,,,,,,,
A,171,lightningsuspension.com,LED Lighting,,?,1-4%,,,,,,,,,,,,,,
A,172,longestlastingfilters.com,HVAC Filters,,?,1-4%,,,,,,,,,,,,,,
A,173,longlastingfilters.com,HVAC Filters,,?,1-4%,,,,,,,,,,,,,,
A,174,magnetopart.com,General,,?,1-4%,,,,,,,,,,,,,,
A,175,magnetoupgrades.com,General,,?,1-4%,,,,,,,,,,,,,,
A,176,matrixfilters.com,HVAC Filters,,?,1-4%,,,,,,,,,,,,,,
A,177,milkmengolf.com,Sports,,?,1-4%,,,,,,,,,,,,,,
A,178,moabwood.com,General,,?,1-4%,,,,,,,,,,,,,,
A,179,mobseat.com,Seat Covers,,?,1-4%,,,,,,,,,,,,,,
A,180,modutop.com,General,,?,1-4%,,,,,,,,,,,,,,
A,181,muricantool.com,General,,?,1-4%,,,,,,,,,,,,,,
A,182,nutboltdepot.com,Hardware,,?,1-4%,,,,,,,,,,,,,,
A,183,nutboltsupply.com,Hardware,,?,1-4%,,,,,,,,,,,,,,
A,184,nutsandboltsdepot.com,Hardware,,?,1-4%,,,,,,,,,,,,,,
A,185,outdoorseatingcushion.com,Seat Covers,,?,1-4%,,,,,,,,,,,,,,
A,186,overland4x.com,Recovery Gear,,?,1-4%,,,,,,,,,,,,,,
A,187,overlandbeach.com,Recovery Gear,,?,1-4%,,,,,,,,,,,,,,
A,188,overlanderupgrades.com,Recovery Gear,,?,1-4%,,,,,,,,,,,,,,
A,189,overlandpart.com,Recovery Gear,,?,1-4%,,,,,,,,,,,,,,
A,190,overlandwood.com,Recovery Gear,,?,1-4%,,,,,,,,,,,,,,
A,191,ovexgear.com,General,,?,1-4%,,,,,,,,,,,,,,
A,192,palletsjacks.com,Industrial,,?,1-4%,,,,,,,,,,,,,,
A,193,palletsracking.com,Industrial,,?,1-4%,,,,,,,,,,,,,,
A,194,papayadrink.com,General,,?,1-4%,,,,,,,,,,,,,,
A,195,patriotpartygoods.com,General,,?,1-4%,,,,,,,,,,,,,,
A,196,pincergear.com,General,,?,1-4%,,,,,,,,,,,,,,
A,197,pleatpocketfilter.com,HVAC Filters,,?,1-4%,,,,,,,,,,,,,,
A,198,pleatpocketfilters.com,HVAC Filters,,?,1-4%,,,,,,,,,,,,,,
A,199,prefilterbuy.com,HVAC Filters,,?,1-4%,,,,,,,,,,,,,,
A,200,prefilterhvac.com,HVAC Filters,,?,1-4%,,,,,,,,,,,,,,
A,201,proballgear.com,General,,?,1-4%,,,,,,,,,,,,,,
A,202,purchasefilters.com,HVAC Filters,,?,1-4%,,,,,,,,,,,,,,
A,203,r2sparts.com,Auto Parts,,?,1-4%,,,,,,,,,,,,,,
A,204,r2tparts.com,Auto Parts,,?,1-4%,,,,,,,,,,,,,,
A,205,rackingpallets.com,Industrial,,?,1-4%,,,,,,,,,,,,,,
A,206,rackspallet.com,Industrial,,?,1-4%,,,,,,,,,,,,,,
A,207,ramrevparts.com,Auto Parts,,?,1-4%,,,,,,,,,,,,,,
A,208,redifilter.com,HVAC Filters,,?,1-4%,,,,,,,,,,,,,,
A,209,redifilters.com,HVAC Filters,,?,1-4%,,,,,,,,,,,,,,
A,210,ridgeupgrades.com,General,,?,1-4%,,,,,,,,,,,,,,
A,211,ridgeutv.com,UTV / RZR,,?,1-4%,,,,,,,,,,,,,,
A,212,rzrbag.com,UTV / RZR,,?,1-4%,,,,,,,,,,,,,,
A,213,rzrbags.com,UTV / RZR,,?,1-4%,,,,,,,,,,,,,,
A,214,rzrgoods.com,UTV / RZR,,? err,1-4%,,,,,,,,,,,,,,
A,215,rzrseat.com,Seat Covers,,?,1-4%,,,,,,,,,,,,,,
A,216,rzrshade.com,UTV / RZR,,?,1-4%,,,,,,,,,,,,,,
A,217,rzrstorage.com,UTV / RZR,,?,1-4%,,,,,,,,,,,,,,
A,218,s2parts.com,Auto Parts,,?,1-4%,,,,,,,,,,,,,,
A,219,sandpapergrits.com,Abrasives,,?,1-4%,,,,,,,,,,,,,,
A,220,scorpionbattinggloves.com,Sports,,?,1-4%,,,,,,,,,,,,,,
A,221,scorpiongloves.com,Sports,,?,1-4%,,,,,,,,,,,,,,
A,222,scoutaccessories.com,Scout / IH,,?,1-4%,,,,,,,,,,,,,,
A,223,scoutbumpers.com,Scout / IH,,?,1-4%,,,,,,,,,,,,,,
A,224,scoutruvparts.com,Scout / IH,,?,1-4%,,,,,,,,,,,,,,
A,225,scoutsuspension.com,Scout / IH,,?,1-4%,,,,,,,,,,,,,,
A,226,scoutterraparts.com,Scout / IH,,?,1-4%,,,,,,,,,,,,,,
A,227,scoutterratruck.com,Truck Accessories,,?,1-4%,,,,,,,,,,,,,,
A,228,scoutterraupgrades.com,Scout / IH,,?,1-4%,,,,,,,,,,,,,,
A,229,scouttravelerparts.com,Scout / IH,,?,1-4%,,,,,,,,,,,,,,
A,230,scouttravelersuv.com,Scout / IH,,?,1-4%,,,,,,,,,,,,,,
A,231,scouttravelerupgrades.com,Scout / IH,,?,1-4%,,,,,,,,,,,,,,
A,232,scoutupgrades.com,Scout / IH,,?,1-4%,,,,,,,,,,,,,,
A,233,scramblerseatcovers.com,Seat Covers,Bartact,?,1-4%,,,,,,,,,,,,,,
A,234,scramblertop.com,Jeep / Off-Road,,?,1-4%,,,,,,,,,,,,,,
A,235,scramblertops.com,Jeep / Off-Road,,?,1-4%,,,,,,,,,,,,,,
A,236,sidebysidegoods.com,UTV / RZR,,?,1-4%,,,,,,,,,,,,,,
A,237,slatetruckaccessories.com,Truck Accessories,,?,1-4%,,,,,,,,,,,,,,
A,238,slatetruckpart.com,Truck Accessories,,?,1-4%,,,,,,,,,,,,,,
A,239,slatetruckparts.com,Truck Accessories,,?,1-4%,,,,,,,,,,,,,,
A,240,spitfirewood.com,Firewood,,?,1-4%,,,,,,,,,,,,,,
A,241,sportadventurevehicleparts.com,Auto Parts,,?,1-4%,,,,,,,,,,,,,,
A,242,stagaccessories.com,EV / Electric,,?,1-4%,,,,,,,,,,,,,,
A,243,stagseats.com,Seat Covers,,?,1-4%,,,,,,,,,,,,,,
A,244,stagupgrades.com,EV / Electric,,?,1-4%,,,,,,,,,,,,,,
A,245,stainwipes.com,General,,?,1-4%,,,,,,,,,,,,,,
A,246,stoutpart.com,General,,?,1-4%,,,,,,,,,,,,,,
A,247,stoutparts.com,Auto Parts,,?,1-4%,,,,,,,,,,,,,,
A,248,strapstiedown.com,General,,?,1-4%,,,,,,,,,,,,,,
A,249,subscriptionfilter.com,HVAC Filters,,? 404,1-4%,,,,,,,,,,,,,,
A,250,subscriptionfilter.com,HVAC Filters,,? 404,1-4%,,,,,,,,,,,,,,
A,251,supportstrap.com,General,,?,1-4%,,,,,,,,,,,,,,
A,252,supportstraps.com,General,,?,1-4%,,,,,,,,,,,,,,
A,253,systemcovers.com,Seat Covers,,?,1-4%,,,,,,,,,,,,,,
A,254,topchainsaw.com,Outdoor Power,,?,1-4%,,,,,,,,,,,,,,
A,255,topdetailingkit.com,Car Detailing,,?,1-4%,,,,,,,,,,,,,,
A,256,topespressomaker.com,Kitchen,,? err,1-4%,,,,,,,,,,,,,,
A,257,topgaragedooropener.com,General,,?,1-4%,,,,,,,,,,,,,,
A,258,topoffroadstores.com,Recovery Gear,,?,1-4%,,,,,,,,,,,,,,
A,259,toppelletgrill.com,Outdoor Power,,?,1-4%,,,,,,,,,,,,,,
A,260,topportablepowerstation.com,General,,?,1-4%,,,,,,,,,,,,,,
A,261,topqueenmattresses.com,General,,?,1-4%,,,,,,,,,,,,,,
A,262,toprecoverykit.com,Seat Covers,,?,1-4%,,,,,,,,,,,,,,
A,263,topsleepsupplement.com,Supplements,,?,20-75%,,,,,,,,,,,,,,
A,264,topsnowblower.com,Outdoor Power,,?,1-4%,,,,,,,,,,,,,,
A,265,toptrucktopper.com,Truck Accessories,,?,1-4%,,,,,,,,,,,,,,
A,266,topwalkingpad.com,General,,?,1-4%,,,,,,,,,,,,,,
A,267,topzeroturnmower.com,Outdoor Power,,?,1-4%,,,,,,,,,,,,,,
A,268,trektop.com,General,,?,1-4%,,,,,,,,,,,,,,
A,269,usaseatcushion.com,Seat Covers,,?,1-4%,,,,,,,,,,,,,,
A,270,utvbag.com,UTV / RZR,,?,1-4%,,,,,,,,,,,,,,
A,271,utvroof.com,UTV / RZR,,?,1-4%,,,,,,,,,,,,,,
A,272,utvshade.com,UTV / RZR,,?,1-4%,,,,,,,,,,,,,,
A,273,utvshades.com,UTV / RZR,,?,1-4%,,,,,,,,,,,,,,
A,274,utvtop.com,UTV / RZR,,?,1-4%,,,,,,,,,,,,,,
A,275,utvtops.com,UTV / RZR,,?,1-4%,,,,,,,,,,,,,,
A,276,voidfilter.com,HVAC Filters,,?,1-4%,,,,,,,,,,,,,,
A,277,voidfilters.com,HVAC Filters,,?,1-4%,,,,,,,,,,,,,,
A,278,volconaccessories.com,EV / Electric,,?,1-4%,,,,,,,,,,,,,,
A,279,volconaftermarket.com,EV / Electric,,?,1-4%,,,,,,,,,,,,,,
A,280,volconparts.com,EV / Electric,,?,1-4%,,,,,,,,,,,,,,
A,281,volconseats.com,Seat Covers,,?,1-4%,,,,,,,,,,,,,,
A,282,volconstagparts.com,EV / Electric,,?,1-4%,,,,,,,,,,,,,,
A,283,wagoneersparts.com,Auto Parts,,?,1-4%,,,,,,,,,,,,,,
A,284,washingtoncommandershop.com,General,,?,1-4%,,,,,,,,,,,,,,
A,285,weldapparel.com,Welding,,?,3-5%,,,,,,,,,,,,,,
A,286,weldapron.com,Welding,,?,1-4%,,,,,,,,,,,,,,
A,287,weldaprons.com,Welding,,?,1-4%,,,,,,,,,,,,,,
A,288,weldingsleeve.com,Welding,,?,1-4%,,,,,,,,,,,,,,
A,289,weldingsleeves.com,Welding,,?,1-4%,,,,,,,,,,,,,,
A,290,weldingwearhouse.com,Welding,,?,1-4%,,,,,,,,,,,,,,
A,291,weldsleeves.com,Welding,,?,1-4%,,,,,,,,,,,,,,
A,292,whatsizehvacfilter.com,HVAC Filters,,?,1-4%,,,,,,,,,,,,,,
A,293,whicharebest.com,General,,?,1-4%,,,,,,,,,,,,,,
A,294,wholehouseairfilter.com,HVAC Filters,,?,1-4%,,,,,,,,,,,,,,
A,295,windshieldwipe.com,General,,?,1-4%,,,,,,,,,,,,,,
A,296,workerwearhouse.com,General,,?,1-4%,,,,,,,,,,,,,,
A,297,bestkitchenscale.com,Kitchen,,? err,1-4%,,,,,,,,,,,,,,
A,298,bestmeatthermometer.com,General,,?,1-4%,,,,,,,,,,,,,,
A,299,bestwaterbottle.com,General,,?,1-4%,,,,,,,,,,,,,,
A,300,bestweightedvest.com,General,,?,1-4%,,,,,,,,,,,,,,
A,385,120sfshed.com,,,-,-,,,,,,,,,,,,,,
A,387,aaastitches.com,,,-,-,,,,,,,,,,,,,,
A,399,angryinchlures.com,,,-,-,,,,,,,,,,,,,,
A,400,antidecal.com,,,-,-,,,,,,,,,,,,,,
A,401,antidecals.com,,,-,-,,,,,,,,,,,,,,
A,402,antiindustrial.com,,,-,-,,,,,,,,,,,,,,
A,403,antilabels.com,,,-,-,,,,,,,,,,,,,,
A,404,antisticker.com,,,-,-,,,,,,,,,,,,,,
A,405,antistickers.com,,,-,-,,,,,,,,,,,,,,
A,406,antiwipe.com,,,-,-,,,,,,,,,,,,,,
A,407,antiwipes.com,,,-,-,,,,,,,,,,,,,,
A,408,anzenhousing.com,,,-,-,,,,,,,,,,,,,,
A,393,all-ed.com,,,-,-,,,,,,,,,,,,,,
A,413,backtoschoolmask.com,,,-,-,,,,,,,,,,,,,,
A,414,backtoschoolmasks.com,,,-,-,,,,,,,,,,,,,,
A,415,backyardstoragebuilding.com,,,-,-,,,,,,,,,,,,,,
A,418,bagskins.com,,,-,-,,,,,,,,,,,,,,
A,419,bagsleeve.com,,,-,-,,,,,,,,,,,,,,
A,420,bagsleeves.com,,,-,-,,,,,,,,,,,,,,
A,421,bagsocks.com,,,-,-,,,,,,,,,,,,,,
A,422,ball.equipment,,,-,-,,,,,,,,,,,,,,
A,425,ballskull.com,,,-,-,,,,,,,,,,,,,,
A,426,ballskulls.com,,,-,-,,,,,,,,,,,,,,
A,427,bankmasks.com,,,-,-,,,,,,,,,,,,,,
A,428,barslaps.com,,,-,-,,,,,,,,,,,,,,
A,429,barstraps.com,,,-,-,,,,,,,,,,,,,,
A,431,baseballgloveguide.com,,,-,-,,,,,,,,,,,,,,
A,432,baseballglovehq.com,,,-,-,,,,,,,,,,,,,,
A,433,batblaze.com,,,-,-,,,,,,,,,,,,,,
A,434,batbuns.com,,,-,-,,,,,,,,,,,,,,
A,435,batburrito.com,,,-,-,,,,,,,,,,,,,,
A,436,batcases.com,,,-,-,,,,,,,,,,,,,,
A,437,batcuff.com,,,-,-,,,,,,,,,,,,,,
A,438,batsheath.com,,,-,-,,,,,,,,,,,,,,
A,439,batsheaths.com,,,-,-,,,,,,,,,,,,,,
A,440,batslaps.com,,,-,-,,,,,,,,,,,,,,
A,441,battingglovehq.com,,,-,-,,,,,,,,,,,,,,
A,442,battinsulationusa.com,,,-,-,,,,,,,,,,,,,,
A,444,beertact.com,,,-,-,,,,,,,,,,,,,,
A,447,bestcoffeetumbler.com,,,-,-,,,,,,,,,,,,,,
A,448,bestcoldbrewmaker.com,,,-,-,,,,,,,,,,,,,,
A,449,bestcommunityshelters.com,,,-,-,,,,,,,,,,,,,,
A,450,bestcordlesstools.com,,,-,-,,,,,,,,,,,,,,
A,452,bestdisasterhousing.com,,,-,-,,,,,,,,,,,,,,
A,454,bestemergencyshelter.com,,,-,-,,,,,,,,,,,,,,
A,455,bestemergencyshelters.com,,,-,-,,,,,,,,,,,,,,
A,457,bestfirestick.com,,,-,-,,,,,,,,,,,,,,
A,458,bestgarageorganizer.com,,,-,-,,,,,,,,,,,,,,
A,459,besthandheldmixer.com,,,-,-,,,,,,,,,,,,,,
A,461,bestinstantpot.com,,,-,-,,,,,,,,,,,,,,
A,462,bestjumpropefitness.com,,,-,-,,,,,,,,,,,,,,
A,465,bestmeshwifi.com,,,-,-,,,,,,,,,,,,,,
A,466,bestmodularshelters.com,,,-,-,,,,,,,,,,,,,,
A,468,bestpercussionmassager.com,,,-,-,,,,,,,,,,,,,,
A,469,bestpercussivemassager.com,,,-,-,,,,,,,,,,,,,,
A,470,bestportableblender.com,,,-,-,,,,,,,,,,,,,,
A,471,bestpullupbar.com,,,-,-,,,,,,,,,,,,,,
A,472,bestsaferooms.com,,,-,-,,,,,,,,,,,,,,
A,474,bestsmokergrill.com,,,-,-,,,,,,,,,,,,,,
A,475,besttonneaucovers.com,,,-,-,,,,,,,,,,,,,,
A,476,besttravelcup.com,,,-,-,,,,,,,,,,,,,,
A,477,beveragesleeves.com,,,-,-,,,,,,,,,,,,,,
A,478,bigrigseats.com,,,-,-,,,,,,,,,,,,,,
A,484,bogoitems.com,,,-,-,,,,,,,,,,,,,,
A,485,bogoparts.com,,,-,-,,,,,,,,,,,,,,
A,486,bogosite.com,,,-,-,,,,,,,,,,,,,,
A,487,boltsnutsusa.com,,,-,-,,,,,,,,,,,,,,
A,488,bonggrips.com,,,-,-,,,,,,,,,,,,,,
A,491,bottlesleeves.com,,,-,-,,,,,,,,,,,,,,
A,493,boxomask.com,,,-,-,,,,,,,,,,,,,,
A,494,boxomasks.com,,,-,-,,,,,,,,,,,,,,
A,495,brandedaftermarket.com,,,-,-,,,,,,,,,,,,,,
A,507,broncolift.com,,,-,-,,,,,,,,,,,,,,
A,513,broncotent.com,,,-,-,,,,,,,,,,,,,,
A,514,broncotents.com,,,-,-,,,,,,,,,,,,,,
A,516,bsterile.com,,,-,-,,,,,,,,,,,,,,
A,520,byepillow.com,,,-,-,,,,,,,,,,,,,,
A,521,cagewraps.com,,,-,-,,,,,,,,,,,,,,
A,522,calbeverage.com,,,-,-,,,,,,,,,,,,,,
A,524,canopyjacket.com,,,-,-,,,,,,,,,,,,,,
A,526,cbdnanotech.com,,,-,-,,,,,,,,,,,,,,
A,527,cleanbuttle.com,,,-,-,,,,,,,,,,,,,,
A,529,coldbeerbranding.com,,,-,-,,,,,,,,,,,,,,
A,530,coldbrewbranding.com,,,-,-,,,,,,,,,,,,,,
A,533,commandersfootballshop.com,,,-,-,,,,,,,,,,,,,,
A,534,commandersfootballsite.com,,,-,-,,,,,,,,,,,,,,
A,535,commanderstraps.com,,,-,-,,,,,,,,,,,,,,
A,536,commandervehicle.com,,,-,-,,,,,,,,,,,,,,
A,537,corrugatedplasticusa.com,,,-,-,,,,,,,,,,,,,,
A,538,corrugatedslipsheet.com,,,-,-,,,,,,,,,,,,,,
A,539,corrugatedslipsheets.com,,,-,-,,,,,,,,,,,,,,
A,540,corrugatesheet.com,,,-,-,,,,,,,,,,,,,,
A,542,crappymade.com,,,-,-,,,,,,,,,,,,,,
A,544,cushions4u.com,,,-,-,,,,,,,,,,,,,,
A,545,customcapshop.com,,,-,-,,,,,,,,,,,,,,
A,546,customcapsusa.com,,,-,-,,,,,,,,,,,,,,
A,547,customgloveco.com,,,-,-,,,,,,,,,,,,,,
A,548,customglovecompany.com,,,-,-,,,,,,,,,,,,,,
A,549,customhatusa.com,,,-,-,,,,,,,,,,,,,,
A,550,customizedhatsusa.com,,,-,-,,,,,,,,,,,,,,
A,551,customizedhatusa.com,,,-,-,,,,,,,,,,,,,,
A,552,customlabelproducts.com,,,-,-,,,,,,,,,,,,,,
A,553,custompatchesembroidered.com,,,-,-,,,,,,,,,,,,,,
A,554,custompatchmaker.com,,,-,-,,,,,,,,,,,,,,
A,555,customplasticcorrugate.com,,,-,-,,,,,,,,,,,,,,
A,556,customvalvestemcaps.com,,,-,-,,,,,,,,,,,,,,
A,557,cybertruckbumpers.com,,,-,-,,,,,,,,,,,,,,
A,558,cybertruckseatcovers.com,,,-,-,,,,,,,,,,,,,,
A,559,cybertruckshell.com,,,-,-,,,,,,,,,,,,,,
A,560,cybertrucktires.com,,,-,-,,,,,,,,,,,,,,
A,562,desertarsenal.com,,,-,-,,,,,,,,,,,,,,
A,563,desertcommander.com,,,-,-,,,,,,,,,,,,,,
A,564,devilspits.com,,,-,-,,,,,,,,,,,,,,
A,566,direcship.com,,,-,-,,,,,,,,,,,,,,
A,569,dirtcommander.com,,,-,-,,,,,,,,,,,,,,
A,570,disastermodularhousing.com,,,-,-,,,,,,,,,,,,,,
A,572,drumsanderpaper.com,,,-,-,,,,,,,,,,,,,,
A,577,emergencyhousingcompany.com,,,-,-,,,,,,,,,,,,,,
A,578,emergencyhousingreviews.com,,,-,-,,,,,,,,,,,,,,
A,579,emergencymodularhousing.com,,,-,-,,,,,,,,,,,,,,
A,580,emergencyshelterhousing.com,,,-,-,,,,,,,,,,,,,,
A,581,emptypackage.com,,,-,-,,,,,,,,,,,,,,
A,582,endurm.com,,,-,-,,,,,,,,,,,,,,
A,583,endurmis.com,,,-,-,,,,,,,,,,,,,,
A,585,fabricoutletusa.com,,,-,-,,,,,,,,,,,,,,
A,586,fabricshopusa.com,,,-,-,,,,,,,,,,,,,,
A,588,fast2find.com,,,-,-,,,,,,,,,,,,,,
A,589,federalemergencyhousing.com,,,-,-,,,,,,,,,,,,,,
A,595,filthyedge.com,,,-,-,,,,,,,,,,,,,,
A,597,fireslats.com,,,-,-,,,,,,,,,,,,,,
A,598,firestrips.com,,,-,-,,,,,,,,,,,,,,
A,600,footrubbers.com,,,-,-,,,,,,,,,,,,,,
A,601,forwardpartyshop.com,,,-,-,,,,,,,,,,,,,,
A,602,forwardpartystore.com,,,-,-,,,,,,,,,,,,,,
A,605,garagestrap.com,,,-,-,,,,,,,,,,,,,,
A,606,garrisoncaps.com,,,-,-,,,,,,,,,,,,,,
A,607,garrisonhat.com,,,-,-,,,,,,,,,,,,,,
A,608,garrisonhats.com,,,-,-,,,,,,,,,,,,,,
A,609,garrisonheadwear.com,,,-,-,,,,,,,,,,,,,,
A,616,goatspray.com,,,-,-,,,,,,,,,,,,,,
A,617,governmentemergencyhousing.com,,,-,-,,,,,,,,,,,,,,
A,618,guardiansballteam.com,,,-,-,,,,,,,,,,,,,,
A,619,handimasks.com,,,-,-,,,,,,,,,,,,,,
A,622,homelesshousingunits.com,,,-,-,,,,,,,,,,,,,,
A,623,homelessshelterhousing.com,,,-,-,,,,,,,,,,,,,,
A,624,homelessshelterunits.com,,,-,-,,,,,,,,,,,,,,
A,629,janitol.com,,,-,-,,,,,,,,,,,,,,
A,635,jpscrambler.com,,,-,-,,,,,,,,,,,,,,
A,637,kidskinleather.com,,,-,-,,,,,,,,,,,,,,
A,643,lasermats.com,,,-,-,,,,,,,,,,,,,,
A,657,magnetoaccessories.com,,,-,-,,,,,,,,,,,,,,
A,658,majoritypoliticalparty.com,,,-,-,,,,,,,,,,,,,,
A,659,manufactureraftermarket.com,,,-,-,,,,,,,,,,,,,,
A,660,manufacturersaftermarket.com,,,-,-,,,,,,,,,,,,,,
A,661,meathide.com,,,-,-,,,,,,,,,,,,,,
A,662,meathides.com,,,-,-,,,,,,,,,,,,,,
A,663,meatskins.com,,,-,-,,,,,,,,,,,,,,
A,664,meatskinz.com,,,-,-,,,,,,,,,,,,,,
A,667,microbegon.com,,,-,-,,,,,,,,,,,,,,
A,668,middleparty.shop,,,-,-,,,,,,,,,,,,,,
A,669,middlepartyshop.com,,,-,-,,,,,,,,,,,,,,
A,670,middlepartystore.com,,,-,-,,,,,,,,,,,,,,
A,671,moabspringwater.com,,,-,-,,,,,,,,,,,,,,
A,675,modupacks.com,,,-,-,,,,,,,,,,,,,,
A,676,modupak.com,,,-,-,,,,,,,,,,,,,,
A,677,modupaks.com,,,-,-,,,,,,,,,,,,,,
A,678,modupax.com,,,-,-,,,,,,,,,,,,,,
A,694,municipalemergencyhousing.com,,,-,-,,,,,,,,,,,,,,
A,695,murrietasports.com,,,-,-,,,,,,,,,,,,,,
A,696,newpartystore.com,,,-,-,,,,,,,,,,,,,,
A,698,nutsboltsdepot.com,,,-,-,,,,,,,,,,,,,,
A,699,nutsboltsusa.com,,,-,-,,,,,,,,,,,,,,
A,700,nuttybolt.com,,,-,-,,,,,,,,,,,,,,
A,689,moroccogloves.com,,,-,-,,,,,,,,,,,,,,
A,702,onlinefabricdepot.com,,,-,-,,,,,,,,,,,,,,
A,703,onlinefabricmart.com,,,-,-,,,,,,,,,,,,,,
A,704,onlinefabricoutlet.com,,,-,-,,,,,,,,,,,,,,
A,705,onlivecloudstore.com,,,-,-,,,,,,,,,,,,,,
A,708,ovex.life,,,-,-,,,,,,,,,,,,,,
A,709,ovex4x4.com,,,-,-,,,,,,,,,,,,,,
A,710,ovexinc.com,,,-,-,,,,,,,,,,,,,,
A,711,ovexlife.com,,,-,-,,,,,,,,,,,,,,
A,712,ovexoffroad.com,,,-,-,,,,,,,,,,,,,,
A,719,palletjacker.com,,,-,-,,,,,,,,,,,,,,
A,720,palletrackstrap.com,,,-,-,,,,,,,,,,,,,,
A,721,palletrackstraps.com,,,-,-,,,,,,,,,,,,,,
A,716,packomasks.com,,,-,-,,,,,,,,,,,,,,
A,724,palmsanderpaper.com,,,-,-,,,,,,,,,,,,,,
A,728,papayaextract.net,,,-,-,,,,,,,,,,,,,,
A,729,papayaleaf.biz,,,-,-,,,,,,,,,,,,,,
A,730,papayaleaf.net,,,-,-,,,,,,,,,,,,,,
A,731,papayaleaftea.net,,,-,-,,,,,,,,,,,,,,
A,732,partswiper.com,,,-,-,,,,,,,,,,,,,,
A,733,passengermasks.com,,,-,-,,,,,,,,,,,,,,
A,734,patriotfabric.com,,,-,-,,,,,,,,,,,,,,
A,735,patrioticpartygoods.com,,,-,-,,,,,,,,,,,,,,
A,736,patrioticpartystore.com,,,-,-,,,,,,,,,,,,,,
A,737,patrioticpartysupply.com,,,-,-,,,,,,,,,,,,,,
A,738,paybillswithcrypto.com,,,-,-,,,,,,,,,,,,,,
A,750,polypropylenebox.com,,,-,-,,,,,,,,,,,,,,
A,751,polypropylenecontainer.com,,,-,-,,,,,,,,,,,,,,
A,757,ppcontainers.com,,,-,-,,,,,,,,,,,,,,
A,758,ppcorrugate.com,,,-,-,,,,,,,,,,,,,,
A,759,ppcorrugatebox.com,,,-,-,,,,,,,,,,,,,,
A,760,prefabemergencyhousing.com,,,-,-,,,,,,,,,,,,,,
A,763,privatelabelgear.com,,,-,-,,,,,,,,,,,,,,
A,764,privatelabelhats.com,,,-,-,,,,,,,,,,,,,,
A,766,privatewhitelabelgear.com,,,-,-,,,,,,,,,,,,,,
A,768,productsuneed.com,,,-,-,,,,,,,,,,,,,,
A,769,qrathletic.com,,,-,-,,,,,,,,,,,,,,
A,773,qualityoutdoorcushion.com,,,-,-,,,,,,,,,,,,,,
A,774,quicklimecement.com,,,-,-,,,,,,,,,,,,,,
A,779,randomorbitalsandpaper.com,,,-,-,,,,,,,,,,,,,,
A,780,rangewolf.com,,,-,-,,,,,,,,,,,,,,
A,781,rapiddeployshelter.com,,,-,-,,,,,,,,,,,,,,
A,782,rapiddeployshelters.com,,,-,-,,,,,,,,,,,,,,
A,783,rattlerwear.com,,,-,-,,,,,,,,,,,,,,
A,784,recentratings.com,,,-,-,,,,,,,,,,,,,,
A,785,reclaimfire.com,,,-,-,,,,,,,,,,,,,,
A,786,redeyemasks.com,,,-,-,,,,,,,,,,,,,,
A,787,redigloves.com,,,-,-,,,,,,,,,,,,,,
A,788,redimasks.com,,,-,-,,,,,,,,,,,,,,
A,789,redisanitizer.com,,,-,-,,,,,,,,,,,,,,
A,790,redisupplies.com,,,-,-,,,,,,,,,,,,,,
A,791,repelm.com,,,-,-,,,,,,,,,,,,,,
A,794,reusablestrap.com,,,-,-,,,,,,,,,,,,,,
A,795,revbumpers.com,,,-,-,,,,,,,,,,,,,,
A,796,rhinomafia.com,,,-,-,,,,,,,,,,,,,,
A,798,riverbeans.com,,,-,-,,,,,,,,,,,,,,
A,800,rivians2.com,,,-,-,,,,,,,,,,,,,,
A,801,rockcommander.com,,,-,-,,,,,,,,,,,,,,
A,802,rollbarwrap.com,,,-,-,,,,,,,,,,,,,,
A,803,rollbarwraps.com,,,-,-,,,,,,,,,,,,,,
A,804,rubiconwrangler.com,,,-,-,,,,,,,,,,,,,,
A,805,saltonpepper.com,,,-,-,,,,,,,,,,,,,,
A,806,saltonpeppers.com,,,-,-,,,,,,,,,,,,,,
A,807,saltonseasalt.com,,,-,-,,,,,,,,,,,,,,
A,808,sandpapergrit.com,,,-,-,,,,,,,,,,,,,,
A,809,savupgrades.com,,,-,-,,,,,,,,,,,,,,
A,810,schoolsportmasks.com,,,-,-,,,,,,,,,,,,,,
A,811,scorpionglove.com,,,-,-,,,,,,,,,,,,,,
A,814,scramblerdiesel.com,,,-,-,,,,,,,,,,,,,,
A,822,semiseatcovers.com,,,-,-,,,,,,,,,,,,,,
A,823,semiseats.com,,,-,-,,,,,,,,,,,,,,
A,824,shadeliner.com,,,-,-,,,,,,,,,,,,,,
A,825,shadeliners.com,,,-,-,,,,,,,,,,,,,,
A,826,shademats.com,,,-,-,,,,,,,,,,,,,,
A,827,shedswithoutpermit.com,,,-,-,,,,,,,,,,,,,,
A,828,shedwithoutpermit.com,,,-,-,,,,,,,,,,,,,,
A,829,shoerubber.com,,,-,-,,,,,,,,,,,,,,
A,831,sipsleeve.com,,,-,-,,,,,,,,,,,,,,
A,833,slapsleeve.com,,,-,-,,,,,,,,,,,,,,
A,834,slapsleeves.com,,,-,-,,,,,,,,,,,,,,
A,835,slapsocks.com,,,-,-,,,,,,,,,,,,,,
A,837,snakescale.com,,,-,-,,,,,,,,,,,,,,
A,838,so-calbeverage.com,,,-,-,,,,,,,,,,,,,,
A,839,so-caldist.com,,,-,-,,,,,,,,,,,,,,
A,840,so-caldistributors.com,,,-,-,,,,,,,,,,,,,,
A,841,socalbeverages.com,,,-,-,,,,,,,,,,,,,,
A,842,socaldist.com,,,-,-,,,,,,,,,,,,,,
A,837,snakescale.com,,,-,-,,,,,,,,,,,,,,
A,838,so-calbeverage.com,,,-,-,,,,,,,,,,,,,,
A,839,so-caldist.com,,,-,-,,,,,,,,,,,,,,
A,840,so-caldistributors.com,,,-,-,,,,,,,,,,,,,,
A,841,socalbeverages.com,,,-,-,,,,,,,,,,,,,,
A,842,socaldist.com,,,-,-,,,,,,,,,,,,,,
A,845,spitfang.com,,,-,-,,,,,,,,,,,,,,
A,846,sportadventurevehicle4x4.com,,,-,-,,,,,,,,,,,,,,
A,847,sportsadventurevehicle.com,,,-,-,,,,,,,,,,,,,,
A,848,sportsadventurevehicles.com,,,-,-,,,,,,,,,,,,,,
A,849,stagaftermaket.com,,,-,-,,,,,,,,,,,,,,
A,850,sterilee.com,,,-,-,,,,,,,,,,,,,,
A,851,sterilizedmask.com,,,-,-,,,,,,,,,,,,,,
A,852,sterilizedmasks.com,,,-,-,,,,,,,,,,,,,,
A,853,steritol.com,,,-,-,,,,,,,,,,,,,,
A,854,stomperrc.com,,,-,-,,,,,,,,,,,,,,
A,855,stompertoys.com,,,-,-,,,,,,,,,,,,,,
A,856,storagesleeve.com,,,-,-,,,,,,,,,,,,,,
A,857,stormreliefhousing.com,,,-,-,,,,,,,,,,,,,,
A,858,stormshelterreviews.com,,,-,-,,,,,,,,,,,,,,
A,859,strappallet.com,,,-,-,,,,,,,,,,,,,,
A,860,strapratchets.com,,,-,-,,,,,,,,,,,,,,
A,861,suckerfilter.com,,,-,-,,,,,,,,,,,,,,
A,872,tabsmaster.com,,,-,-,,,,,,,,,,,,,,
A,883,tailmod.com,,,-,-,,,,,,,,,,,,,,
A,884,tailmods.com,,,-,-,,,,,,,,,,,,,,
A,885,tbarbag.com,,,-,-,,,,,,,,,,,,,,
A,886,tbarbags.com,,,-,-,,,,,,,,,,,,,,
A,887,tbargear.com,,,-,-,,,,,,,,,,,,,,
D,888,tee-bagz.com,,,-,-,,,,,,,,,,,,,,
A,889,temporaryhousingunits.com,,,-,-,,,,,,,,,,,,,,
A,890,temporaryshelterhousing.com,,,-,-,,,,,,,,,,,,,,
A,891,tentwraps.com,,,-,-,,,,,,,,,,,,,,
A,892,thelasttrail.com,,,-,-,,,,,,,,,,,,,,
A,893,thinkseats.com,,,-,-,,,,,,,,,,,,,,
A,894,thongkinis.com,,,-,-,,,,,,,,,,,,,,
A,896,tirevalvestemcaps.com,,,-,-,,,,,,,,,,,,,,
A,901,topmassagegun.com,,,-,-,,,,,,,,,,,,,,
A,902,toppowerstation.com,,,-,-,,,,,,,,,,,,,,
A,903,topqueenmattress.com,,,-,-,,,,,,,,,,,,,,
A,905,tortoisecase.com,,,-,-,,,,,,,,,,,,,,
A,906,tortoisecases.com,,,-,-,,,,,,,,,,,,,,
A,907,tortoisecontainers.com,,,-,-,,,,,,,,,,,,,,
A,908,tortoisesystems.com,,,-,-,,,,,,,,,,,,,,
A,909,tossrus.com,,,-,-,,,,,,,,,,,,,,
A,910,toyotarangga.com,,,-,-,,,,,,,,,,,,,,
A,911,trailgates.com,,,-,-,,,,,,,,,,,,,,
A,912,trailmod.com,,,-,-,,,,,,,,,,,,,,
A,914,treesock.com,,,-,-,,,,,,,,,,,,,,
A,916,trekmask.com,,,-,-,,,,,,,,,,,,,,
A,917,trekmasks.com,,,-,-,,,,,,,,,,,,,,
A,929,uglymaskcontest.com,,,-,-,,,,,,,,,,,,,,
A,930,under120shed.com,,,-,-,,,,,,,,,,,,,,
A,931,unsoilet.com,,,-,-,,,,,,,,,,,,,,
A,932,usafabricoutlet.com,,,-,-,,,,,,,,,,,,,,
A,935,utilityshedsforhomes.com,,,-,-,,,,,,,,,,,,,,
A,936,utvgod.com,,,-,-,,,,,,,,,,,,,,
A,939,valvestemcapsusa.com,,,-,-,,,,,,,,,,,,,,
A,940,varioususa.com,,,-,-,,,,,,,,,,,,,,
A,941,veteranemergencyhousing.com,,,-,-,,,,,,,,,,,,,,
A,945,war-gear.com,,,-,-,,,,,,,,,,,,,,
A,946,wartact.com,,,-,-,,,,,,,,,,,,,,
A,980,brazenathlete.com,,,-,-,,,,,,,,,,,,,,
A,981,brazenathletes.com,,,-,-,,,,,,,,,,,,,,
A,949,weldgloves.com,,,-,-,,,,,,,,,,,,,,
A,380,bestgaming-chair.com,Supplements,,?,,,,,,,,,,,,,,,
A,381,bestprotein-powder.com,General,,?,,,,,,,,,,,,,,,
A,382,bestresistance-bands.com,General,,?,,,,,,,,,,,,,,,
A,383,besttowingstrap.com,General,,?,,,,,,,,,,,,,,,
A,960,windshieldwiperusa.com,,,-,-,,,,,,,,,,,,,,
A,961,winetrailtour.com,,,-,-,,,,,,,,,,,,,,
A,962,wipedo.com,,,-,-,,,,,,,,,,,,,,
A,984,brazenbologna.com,,,-,-,,,,,,,,,,,,,,
A,967,wranglermagneto.com,,,-,-,,,,,,,,,,,,,,
A,988,brazenleather.com,? brazenproducts.com,,-,-,,,,,,,,,,,,,,
A,947,waxmeoff.com,,,-,-,,,,,,,,,,,,,,
A,350,magnetowrangler.com,Jeep / Off-Road,,?,1-4%,,,,,,,,,,,,,,
A,972,zerilize.com,,,-,-,,,,,,,,,,,,,,
A,744,plasticcorrugatedbox.com,,,-,-,,,,,,,,,,,,,,
A,749,polyesterbattinsulation.com,Parked,,-,-,,,,,,,,,,,,,,
A,305,besttruckfloorliner.com,Truck Accessories,,?,1-4%,,,,,,,,,,,,,,
A,389,adushed.com,,,-,-,,,?,,,,,,,,,,,
,,,,,,,,,,,,,,,,,,,,
,,,,,,,,,,,,,,,,,,,,
,,,,,,,,,,,,,,,,,,,,
,,,,,,,,,,,,,,,,,,,,
,,,,,,,,,,,,,,,,,,,,
,,,,,,,,,,,,,,,,,,,,
,,,,,,,,,,,,,,,,,,,,
,,,,,,,,,,,,,,,,,,,,
,,,,,,,,,,,,,,,,,,,,
,,,,,,,,,,,,,,,,,,,,
,,,,,,,,,,,,,,,,,,,,
,,,,,,,,,,,,,,,,,,,,
,,,,,,,,,,,,,,,,,,,,
,,,,,,,,,,,,,,,,,,,,
,,,,,,,,,,,,,,,,,,,,
-,B,·,Branded,+,Affiliate,Sites,-72,-,,,,,,,,,,,,
B,301,bestblockchainapp.com,Crypto,BlockchainABCs,?,3-5%,,,,,,,,,,,,,,
B,302,bestcryptocurrencyapp.com,Crypto,BlockchainABCs,?,3-5%,,,,,,,,,,,,,,
B,304,besttipfreeapps.com,Restaurant Apps,SkipATip,?,3-5%,,,,,,,,,,,,,,
B,307,bronco2026.com,Jeep / Off-Road,,?,1-4%,,,,,,,,,,,,,,
B,308,broncograbhandles.com,Jeep / Off-Road,,?,1-4%,,,,,,,,,,,,,,
B,309,broncohandles.com,Jeep / Off-Road,,?,1-4%,,,,,,,,,,,,,,
B,310,broncorollbar.com,Jeep / Off-Road,,?,1-4%,,,,,,,,,,,,,,
B,311,broncorollbars.com,Jeep / Off-Road,,?,1-4%,,,,,,,,,,,,,,
B,312,broncoseat.com,Seat Covers,,?,1-4%,,,,,,,,,,,,,,
B,313,broncoshades.com,Jeep / Off-Road,,?,1-4%,,,,,,,,,,,,,,
B,314,broncoupgrade.com,Jeep / Off-Road,,?,1-4%,,,,,,,,,,,,,,
B,317,extinguisherparts.com,Fire Safety,,?,1-4%,,,,,,,,,,,,,,
B,318,extinguishersales.com,Fire Safety,,?,1-4%,,,,,,,,,,,,,,
B,319,fordbroncoshade.com,Jeep / Off-Road,,?,1-4%,,,,,,,,,,,,,,
B,320,fordbroncoshades.com,Jeep / Off-Road,,?,1-4%,,,,,,,,,,,,,,
B,321,gladiatorgrabhandle.com,Jeep / Off-Road,,?,1-4%,,,,,,,,,,,,,,
B,322,gladiatorjeepclub.com,Jeep / Off-Road,,?,1-4%,,,,,,,,,,,,,,
B,323,gladiatorseat.com,Seat Covers,Bartact,?,1-4%,,,,,,,,,,,,,,
B,324,gladiatorshade.com,Jeep / Off-Road,,?,1-4%,,,,,,,,,,,,,,
B,325,gladiatorshades.com,Jeep / Off-Road,,?,1-4%,,,,,,,,,,,,,,
B,326,jeepaltitude.com,Jeep / Off-Road,,?,1-4%,,,,,,,,,,,,,,
B,327,jeepbenchcovers.com,Seat Covers,,?,1-4%,,,,,,,,,,,,,,
B,328,jeepjt.com,Jeep / Off-Road,,?,1-4%,,,,,,,,,,,,,,
B,329,jeeprollbar.com,Jeep / Off-Road,,?,1-4%,,,,,,,,,,,,,,
B,330,jeepshades.com,Jeep / Off-Road,,?,1-4%,,,,,,,,,,,,,,
B,331,jeepwranglerjm.com,Jeep / Off-Road,,?,1-4%,,,,,,,,,,,,,,
B,332,jkrollbar.com,Jeep / Off-Road,,?,1-4%,,,,,,,,,,,,,,
B,333,wranglerseat.com,Seat Covers,Bartact,?,1-4%,,,,,,,,,,,,,,
B,334,jkseatcovers.com,Seat Covers,Bartact,?,1-4%,,,,,,,,,,,,,,
B,335,jlcovers.com,Seat Covers,Bartact,?,1-4%,,,,,,,,,,,,,,
B,336,jlscrambler.com,Jeep / Off-Road,,?,1-4%,,,,,,,,,,,,,,
B,337,jlseatcover.com,Seat Covers,Bartact,?,1-4%,,,,,,,,,,,,,,
B,338,jlseats.com,Seat Covers,Bartact,?,1-4%,,,,,,,,,,,,,,
B,339,jlshades.com,Jeep / Off-Road,,?,1-4%,,,,,,,,,,,,,,
B,340,jluseatcovers.com,Seat Covers,Bartact,?,1-4%,,,,,,,,,,,,,,
B,341,jlseatcovers.com,Seat Covers,Bartact,?,1-4%,,,,,,,,,,,,,,
B,342,jlutops.com,Jeep / Off-Road,,?,1-4%,,,,,,,,,,,,,,
B,343,jlutruck.com,Jeep / Off-Road,,?,1-4%,,,,,,,,,,,,,,
B,344,jtseatcovers.com,Seat Covers,Bartact,?,1-4%,,,,,,,,,,,,,,
B,345,jtseats.com,Seat Covers,Bartact,?,1-4%,,,,,,,,,,,,,,
B,346,jttops.com,Jeep / Off-Road,,?,1-4%,,,,,,,,,,,,,,
B,347,kitchenfireextinguisher.com,Kitchen,,?,1-4%,,,,,,,,,,,,,,
B,348,kitchenfireextinguishers.com,Kitchen,,?,1-4%,,,,,,,,,,,,,,
B,351,mollebag.com,MOLLE / Tactical,,?,1-4%,,,,,,,,,,,,,,
B,352,molleinterior.com,MOLLE / Tactical,,?,1-4%,,,,,,,,,,,,,,
B,353,molleseats.com,Seat Covers,Bartact,?,1-4%,,,,,,,,,,,,,,
B,354,mollestraps.com,MOLLE / Tactical,,?,1-4%,,,,,,,,,,,,,,
B,355,mollesystems.com,MOLLE / Tactical,,?,1-4%,,,,,,,,,,,,,,
B,356,molletop.com,MOLLE / Tactical,,?,1-4%,,,,,,,,,,,,,,
B,357,rollbarhandles.com,General,Bull Strap,?,1-4%,,,,,,,,,,,,,,
B,358,rollstraps.com,General,Bull Strap,?,1-4%,,,,,,,,,,,,,,
B,359,rzrlimitstraps.com,UTV / RZR,Bull Strap,?,1-4%,,,,,,,,,,,,,,
B,360,scouthandles.com,Scout / IH,,?,1-4%,,,,,,,,,,,,,,
B,361,tacomaseats.com,Seat Covers,Bartact,?,1-4%,,,,,,,,,,,,,,
B,362,tacoseatcovers.com,Seat Covers,Bartact,?,1-4%,,,,,,,,,,,,,,
B,363,tacticalseatcovers.com,Seat Covers,Bartact,?,1-4%,,,,,,,,,,,,,,
B,364,tacticalseats.com,Seat Covers,Bartact,?,1-4%,,,,,,,,,,,,,,
B,366,thinbluelineaccessories.com,Law Enforcement,,?,1-4%,,,,,,,,,,,,,,
B,367,tjseatcovers.com,Seat Covers,Bartact,?,1-4%,,,,,,,,,,,,,,
B,368,upgradedauto.com,Auto Parts,,?,1-4%,,,,,,,,,,,,,,
B,369,upgradesauto.com,Auto Parts,,?,1-4%,,,,,,,,,,,,,,
B,370,upgradesvehicle.com,Auto Parts,,?,1-4%,,,,,,,,,,,,,,
B,371,utvaccessory.com,UTV / RZR,,? err,1-4%,,,,,,,,,,,,,,
B,372,utvlimitstraps.com,UTV / RZR,Bull Strap,?,1-4%,,,,,,,,,,,,,,
B,386,392gladiator.com,,,-,-,,,,,,,,,,,,,,
B,410,autoextinguishers.com,,,-,-,,,,,,,,,,,,,,
B,411,autofireextinguishers.com,,,-,-,,,,,,,,,,,,,,
B,417,bag.systems,,,-,-,,,,,,,,,,,,,,
B,446,bestbroncoaccessories.com,,,-,-,,,,,,,,,,,,,,
B,456,bestfilterreview.com,,,-,-,,,,,,,,,,,,,,
B,460,besthurricaneshelter.com,,,-,-,,,,,,,,,,,,,,
B,463,bestknuckleboom.com,,,-,-,,,,,,,,,,,,,,
B,464,bestmerv13filters.com,,,-,-,,,,,,,,,,,,,,
B,467,bestmoneyapp.com,,,-,-,,,,,,,,,,,,,,
B,473,bestseatcover.com,,,-,-,,,,,,,,,,,,,,
B,501,bronco2022.com,,,-,-,,,,,,,,,,,,,,
B,502,broncocages.com,,,-,-,,,,,,,,,,,,,,
B,503,broncocargo.com,,,-,-,,,,,,,,,,,,,,
B,504,broncoexterior.com,,,-,-,,,,,,,,,,,,,,
B,505,broncoheadliner.com,,,-,-,,,,,,,,,,,,,,
B,506,broncointerior.com,,,-,-,,,,,,,,,,,,,,
B,508,broncomolle.com,,,-,-,,,,,,,,,,,,,,
B,509,broncorollcage.com,,,-,-,,,,,,,,,,,,,,
B,510,broncorollcages.com,,,-,-,,,,,,,,,,,,,,
B,511,broncoseatcover.com,,,-,-,,,,,,,,,,,,,,
B,512,broncoshade.com,,,-,-,,,,,,,,,,,,,,
B,515,broncotops.com,,,-,-,,,,,,,,,,,,,,
B,532,commanderbags.com,,,-,-,,,,,,,,,,,,,,
B,567,directautoclub.com,,,-,-,,,,,,,,,,,,,,
B,571,downties.com,,,-,-,,,,,,,,,,,,,,
B,573,dubaifiltration.com,,,-,-,,,,,,,,,,,,,,
B,574,dubaijeep.com,,,-,-,,,,,,,,,,,,,,
B,575,dubaioverland.com,,,-,-,,,,,,,,,,,,,,
B,590,filterbuyguide.com,,,-,-,,,,,,,,,,,,,,
B,591,filterdubai.com,,,-,-,,,,,,,,,,,,,,
B,592,filtersdubai.com,,,-,-,,,,,,,,,,,,,,
B,593,filterspurchase.com,,,-,-,,,,,,,,,,,,,,
B,594,filtersuae.com,,,-,-,,,,,,,,,,,,,,
B,603,fun-bagz.com,,,-,-,,,,,,,,,,,,,,
B,604,furnacereview.com,,,-,-,,,,,,,,,,,,,,
B,612,gladiator392.com,,,-,-,,,,,,,,,,,,,,
B,613,gladiatorjeep.club,,,-,-,,,,,,,,,,,,,,
B,626,industrialsolutionproducts.com,,,-,-,,,,,,,,,,,,,,
B,627,industrialstrap.com,,,-,-,,,,,,,,,,,,,,
B,628,interiormolle.com,,,-,-,,,,,,,,,,,,,,
B,615,gladiatorseatcover.com,,,-,-,,,,,,,,,,,,,,
B,630,jeeper.life,,,-,-,,,,,,,,,,,,,,
B,631,jeepseatcover.com,,,-,-,,,,,,,,,,,,,,
B,633,jludiesel.comjluscrambler.com,,,-,-,,,,,,,,,,,,,,
B,638,knuckleboomguide.com,,,-,-,,,,,,,,,,,,,,
B,639,knuckleboomhq.com,,,-,-,,,,,,,,,,,,,,
B,644,lasermolle.com,,,-,-,,,,,,,,,,,,,,
B,665,merv13filter.com,,,-,-,,,,,,,,,,,,,,
B,666,merv13guide.com,,,-,-,,,,,,,,,,,,,,
B,672,mobseating.com,,,-,-,,,,,,,,,,,,,,
B,673,mobseats.com,,,-,-,,,,,,,,,,,,,,
B,674,modpaks.com,,,-,-,,,,,,,,,,,,,,
B,679,molleattachments.com,,,-,-,,,,,,,,,,,,,,
B,680,molleconsole.com,,,-,-,,,,,,,,,,,,,,
B,681,molleexterior.com,,,-,-,,,,,,,,,,,,,,
B,682,mollepals.com,,,-,-,,,,,,,,,,,,,,
B,684,molleseat.com,,,-,-,,,,,,,,,,,,,,
B,706,overlanddubai.com,,,-,-,,,,,,,,,,,,,,
B,707,overlanduae.com,,,-,-,,,,,,,,,,,,,,
B,713,packagingstrap.com,,,-,-,,,,,,,,,,,,,,
B,714,packagingstraps.com,,,-,-,,,,,,,,,,,,,,
B,717,paintsucker.com,,,-,-,,,,,,,,,,,,,,
B,718,painttraps.com,,,-,-,,,,,,,,,,,,,,
B,722,palletstrap.com,,,-,-,,,,,,,,,,,,,,
B,723,palletstraps.com,,,-,-,,,,,,,,,,,,,,
B,725,pals.systems,,,-,-,,,,,,,,,,,,,,
B,726,palsmolle.com,,,-,-,,,,,,,,,,,,,,
B,727,palsstrips.com,,,-,-,,,,,,,,,,,,,,
B,740,petairfilter.com,,,-,-,,,,,,,,,,,,,,
B,761,prefiltersbuy.com,,,-,-,,,,,,,,,,,,,,
B,762,prefiltershvac.com,,,-,-,,,,,,,,,,,,,,
B,775,r1sparts.com,,,-,-,,,,,,,,,,,,,,
B,776,r1sstorage.com,,,-,-,,,,,,,,,,,,,,
B,777,r1tparts.com,,,-,-,,,,,,,,,,,,,,
B,778,r1tstorage.com,,,-,-,,,,,,,,,,,,,,
B,797,rhinostrap.com,,,-,-,,,,,,,,,,,,,,
B,799,rivianaftermarket.com,,,-,-,,,,,,,,,,,,,,
B,812,scoutgrabhandles.com,,,-,-,,,,,,,,,,,,,,
B,813,scoutsuvparts.com,,,-,-,,,,,,,,,,,,,,
B,815,seat.systems,,,-,-,,,,,,,,,,,,,,
B,816,seatcover.systems,,,-,-,,,,,,,,,,,,,,
B,817,seating.systems,,,-,-,,,,,,,,,,,,,,
B,869,systemseatcovers.com,,,-,-,,,,,,,,,,,,,,
B,870,systemseating.com,,,-,-,,,,,,,,,,,,,,
B,871,systemseats.com,,,-,-,,,,,,,,,,,,,,
B,874,tactical.life,,,-,-,,,,,,,,,,,,,,
B,875,tacticalcovers.com,,,-,-,,,,,,,,,,,,,,
B,876,tacticalpatchesusa.com,,,-,-,,,,,,,,,,,,,,
B,877,tacticalpatchusa.com,,,-,-,,,,,,,,,,,,,,
B,878,tacticalseat.com,,,-,-,,,,,,,,,,,,,,
B,879,tacticalseating.com,,,-,-,,,,,,,,,,,,,,
B,880,tacticalsew.com,,,-,-,,,,,,,,,,,,,,
B,881,tacticalshade.com,,,-,-,,,,,,,,,,,,,,
B,882,tacticaltailgate.com,,,-,-,,,,,,,,,,,,,,
B,919,truckarmour.com,,,-,-,,,,,,,,,,,,,,
B,920,truckdubai.com,,,-,-,,,,,,,,,,,,,,
B,921,truckuae.com,,,-,-,,,,,,,,,,,,,,
B,923,tsseat.com,,,-,-,,,,,,,,,,,,,,
B,924,tsseats.com,,,-,-,,,,,,,,,,,,,,
B,925,uaefiltration.com,,,-,-,,,,,,,,,,,,,,
B,926,uaejeep.com,,,-,-,,,,,,,,,,,,,,
B,927,uaeoverland.com,,,-,-,,,,,,,,,,,,,,
B,928,uaetruck.com,,,-,-,,,,,,,,,,,,,,
B,966,wranglerjmu.com,,,-,-,,,,,,,,,,,,,,
B,968,wranglerseatcover.com,,,-,-,,,,,,,,,,,,,,
B,963,wranglerjeepgear.com,,,-,-,,,,,,,,,,,,,,
B,964,wranglerjeepunlimited.com,,,-,-,,,,,,,,,,,,,,
B,983,brazenbags.com,,,-,-,,,,,,,,,,,,,,
,,,,,,,,,,,,,,,,,,,,
,,,,,,,,,,,,,,,,,,,,
,,,,,,,,,,,,,,,,,,,,
,,,,,,,,,,,,,,,,,,,,
,,,,,,,,,,,,,,,,,,,,
,,,,,,,,,,,,,,,,,,,,
,,,,,,,,,,,,,,,,,,,,
,,,,,,,,,,,,,,,,,,,,
,,,,,,,,,,,,,,,,,,,,
-,C,·,Built,/,Brand,Sites,-12,-,,,,,,,,,,,,
C,950,whatarebest.com,,,-,-,,,,,,,,,,,,,,
C,315,directpartsource.com,Auto Parts,,?,1-4%,,,,,,,,,,,,,,
C,316,directpartssource.com,Auto Parts,,?,1-4%,,,,,,,,,,,,,,
C,384,besttruckaccessories.com,Truck Accessories,,?,,,,,,,,,,,,,,,
C,396,allpartshop.com,,,-,-,,,,,,,,,,,,,,
C,991,brazenproducts.com,? brazenproducts.com,,-,-,,,,,,,,,,,,,,
C,394,allautodirect.com,,,-,-,,,,,,,,,,,,,,
C,395,allpartservice.com,,,-,-,,,,,,,,,,,,,,
C,397,amishlandgoods.com,,,-,-,,,,,,,,,,,,,,
C,398,amishlandsupply.com,,,-,-,,,,,,,,,,,,,,
F,634,jmuforum.com,,,-,-,,,,,,,,,,,,,,
C,937,utvgoods.com,,,-,-,,,,,,,,,,,,,,
C,938,utvmafia.com,,,-,-,,,,,,,,,,,,,,
C,937,utvgoods.com,,,-,-,,,,,,,,,,,,,,
C,989,brazenmotorsports.com,? brazenproducts.com,,-,-,,,,,,,,,,,,,,
C,990,brazenparts.com,? brazenproducts.com,,-,-,,,,,,,,,,,,,,
C,1026,autopartsreviewed.com,,,-,-,,,,,,,,,,,,,,
C,819,seatshoppe.com,,,-,-,,,,,,,,,,,,,,
C,741,petwearhouse.com,,,-,-,,,,,,,,,,,,,,
C,701,offroaddistribution.com,,,-,-,,,,,,,,,,,,,,
C,986,brazencustoms.com,? brazenproducts.com,,-,-,,,,,,,,,,,,,,
C,987,brazengear.com,? brazenproducts.com,,-,-,,,,,,,,,,,,,,
C,392,aftermarketretail.com,,,-,-,,,,,,,,,,,,,,
G,701,offroaddistribution.com,,,-,-,,,,,,,,,,,,,,
,,,,,,,,,,,,,,,,,,,,
,,,,,,,,,,,,,,,,,,,,
,,,,,,,,,,,,,,,,,,,,
,,,,,,,,,,,,,,,,,,,,
-,D,·,Parked,-,No,Site,Built,-590,-,,,,,,,,,,,
,,,,,,,,,,,,,,,,,,,,
,,,,,,,,,,,,,,,,,,,,
,,,,,,,,,,,,,,,,,,,,
,,,,,,,,,,,,,,,,,,,,
,,,,,,,,,,,,,,,,,,,,
D,390,aftermarketmanufacturer.com,Parked,,-,-,,,,,,,,,,,,,,
D,391,aftermarketmanufacturers.com,Parked,,-,-,,,,,,,,,,,,,,
D,409,athhole.com,Parked,,-,-,,,,,,,,,,,,,,
D,416,baconrelish.com,Parked,,-,-,,,,,,,,,,,,,,
D,423,ballheadz.com,Parked,,-,-,,,,,,,,,,,,,,
D,443,beaglenuts.com,Parked,,-,-,,,,,,,,,,,,,,
D,479,billygilmore.com,Parked,,-,-,,,,,,,,,,,,,,
D,480,blackpax.com,Parked,,-,-,,,,,,,,,,,,,,
D,489,boostcoop.com,Parked,,-,-,,,,,,,,,,,,,,
D,490,bottlescar.com,Parked,,-,-,,,,,,,,,,,,,,
D,492,bourbonicwhiskey.com,Parked,,-,-,,,,,,,,,,,,,,
D,496,brazenoffroad.com,Parked,,-,-,,,,,,,,,,,,,,
D,497,brazenoutdoor.com,Parked,,-,-,,,,,,,,,,,,,,
D,498,brazenoutdoors.com,Parked,,-,-,,,,,,,,,,,,,,
D,499,brazenpet.com,Parked,,-,-,,,,,,,,,,,,,,
D,500,brazenwater.com,Parked,,-,-,,,,,,,,,,,,,,
D,517,bullsacks.com,Parked,,-,-,,,,,,,,,,,,,,
D,518,bullsak.com,Parked,,-,-,,,,,,,,,,,,,,
D,523,cameronwalk.com,Parked,,-,-,,,,,,,,,,,,,,
D,525,cavalryfabric.com,Parked,,-,-,,,,,,,,,,,,,,
D,528,cliffcat.com,Parked,,-,-,,,,,,,,,,,,,,
D,541,craigwrightnakamoto.com,Parked,,-,-,,,,,,,,,,,,,,
D,543,cummingngoing.com,Parked,,-,-,,,,,,,,,,,,,,
D,561,d-finga.com,Parked,,-,-,,,,,,,,,,,,,,
D,565,dfinga.com,Parked,,-,-,,,,,,,,,,,,,,
D,576,effinoffroad.com,Parked,,-,-,,,,,,,,,,,,,,
D,584,enguardinsulation.com,Parked,,-,-,,,,,,,,,,,,,,
D,596,finishingform.com,Parked,,-,-,,,,,,,,,,,,,,
D,610,genierep.com,Parked,,-,-,,,,,,,,,,,,,,
D,621,holidayhineys.com,Parked,,-,-,,,,,,,,,,,,,,
D,632,jharveygroup.com,Parked,,-,-,,,,,,,,,,,,,,
D,636,kartact.com,Parked,,-,-,,,,,,,,,,,,,,
D,640,kockenbags.com,Parked,,-,-,,,,,,,,,,,,,,
D,641,kockenballs.com,Parked,,-,-,,,,,,,,,,,,,,
D,642,kockensports.com,Parked,,-,-,,,,,,,,,,,,,,
D,645,liftedbeernwinetours.com,Parked,,-,-,,,,,,,,,,,,,,
D,646,liftedbeertours.com,Parked,,-,-,,,,,,,,,,,,,,
D,647,liftedtours.com,Parked,,-,-,,,,,,,,,,,,,,
D,648,liftedwinetours.com,Parked,,-,-,,,,,,,,,,,,,,
D,652,logflippin.com,Parked,,-,-,,,,,,,,,,,,,,
D,653,logflipping.com,Parked,,-,-,,,,,,,,,,,,,,
D,654,logtoss.com,Parked,,-,-,,,,,,,,,,,,,,
D,655,logtossin.com,Parked,,-,-,,,,,,,,,,,,,,
D,656,logtossing.com,Parked,,-,-,,,,,,,,,,,,,,
G,686,mollestrip.com,Parked,,-,-,,,,,,,,,,,,,,
G,687,mollestrips.com,Parked,,-,-,,,,,,,,,,,,,,
D,691,motorboaterfloater.com,Parked,,-,-,,,,,,,,,,,,,,
D,692,mtpackage.com,Parked,,-,-,,,,,,,,,,,,,,
D,693,mtumbrella.com,Parked,,-,-,,,,,,,,,,,,,,
D,697,nutsaxe.com,Parked,,-,-,,,,,,,,,,,,,,
D,715,packhunterauto.com,Parked,,-,-,,,,,,,,,,,,,,
D,739,peopleeatingbananas.com,Parked,,-,-,,,,,,,,,,,,,,
D,742,pincerdefense.com,Parked,,-,-,,,,,,,,,,,,,,
D,743,pincerenergy.com,Parked,,-,-,,,,,,,,,,,,,,
D,745,pleatpocket.com,Parked,,-,-,,,,,,,,,,,,,,
D,746,pleatpockets.com,Parked,,-,-,,,,,,,,,,,,,,
D,747,pocketpleats.com,Parked,,-,-,,,,,,,,,,,,,,
D,752,pooflingin.com,Parked,,-,-,,,,,,,,,,,,,,
D,753,pooflinging.com,Parked,,-,-,,,,,,,,,,,,,,
D,754,poohole.com,Parked,,-,-,,,,,,,,,,,,,,
D,755,pooslingin.com,Parked,,-,-,,,,,,,,,,,,,,
D,756,pooslinging.com,Parked,,-,-,,,,,,,,,,,,,,
D,765,privatelabelsewing.com,Parked,,-,-,,,,,,,,,,,,,,
D,767,privatewhitelabelsewing.com,Parked,,-,-,,,,,,,,,,,,,,
D,770,qrcases.com,Parked,,-,-,,,,,,,,,,,,,,
D,771,qrcovers.com,Parked,,-,-,,,,,,,,,,,,,,
D,772,qrindustries.com,Parked,,-,-,,,,,,,,,,,,,,
D,792,repgenie.biz,Parked,,-,-,,,,,,,,,,,,,,
D,793,repgenie.com,Parked,,-,-,,,,,,,,,,,,,,
D,820,seatsleeves.com,Parked,,-,-,,,,,,,,,,,,,,
D,821,seattee.com,Parked,,-,-,,,,,,,,,,,,,,
D,830,singlestarreviews.com,Parked,,-,-,,,,,,,,,,,,,,
D,832,skuleton.com,Parked,,-,-,,,,,,,,,,,,,,
D,836,snailblock.com,Parked,,-,-,,,,,,,,,,,,,,
D,843,solidcaliber.com,Parked,,-,-,,,,,,,,,,,,,,
D,863,switchbladeauto.com,Parked,,-,-,,,,,,,,,,,,,,
D,864,switchbladeautomotive.com,Parked,,-,-,,,,,,,,,,,,,,
D,865,switchbladeusa.com,Parked,,-,-,,,,,,,,,,,,,,
C,866,switchbladewiper.com,Parked,,-,-,,,,,,,,,,,,,,
D,867,switchbladewipers.com,Parked,,-,-,,,,,,,,,,,,,,
D,868,switchbladewipes.com,Parked,,-,-,,,,,,,,,,,,,,
D,873,tacoozie.com,Parked,,-,-,,,,,,,,,,,,,,
D,895,tiedyewater.com,Parked,,-,-,,,,,,,,,,,,,,
D,897,titteez.com,Parked,,-,-,,,,,,,,,,,,,,
D,915,trekblows.com,Parked,,-,-,,,,,,,,,,,,,,
D,918,trickgear.com,Parked,,-,-,,,,,,,,,,,,,,
D,933,usausmc.com,Parked,,-,-,,,,,,,,,,,,,,
D,934,uspsshipper.com,Parked,,-,-,,,,,,,,,,,,,,
D,942,virtualsoulz.com,Parked,,-,-,,,,,,,,,,,,,,
D,943,volconforums.com,Parked,,-,-,,,,,,,,,,,,,,
D,944,walkwayindustries.com,Parked,,-,-,,,,,,,,,,,,,,
D,951,whitelabelauto.com,Parked,,-,-,,,,,,,,,,,,,,
D,952,whitelabelautomotive.com,Parked,,-,-,,,,,,,,,,,,,,
D,953,whitelabelbag.com,Parked,,-,-,,,,,,,,,,,,,,
D,954,whitelabelgear.com,Parked,,-,-,,,,,,,,,,,,,,
D,955,whitelabeloffroad.com,Parked,,-,-,,,,,,,,,,,,,,
D,956,whitelabelsewing.com,Parked,,-,-,,,,,,,,,,,,,,
D,957,whiteprivatelabelgear.com,Parked,,-,-,,,,,,,,,,,,,,
D,958,whiteprivatelabelsewing.com,Parked,,-,-,,,,,,,,,,,,,,
D,959,wimchip.com,Parked,,-,-,,,,,,,,,,,,,,
D,971,xpcseats.com,Parked,,-,-,,,,,,,,,,,,,,
D,,war-bags.com,Parked,,-,-,,,,,,,,,,,,,,
,,,,,,,,,,,,,,,,,,,,
-,E,·,Information Affiliate,Sites,-51,-,,,,,,,,,,,,,,
E,625,humancwd.com,,,-,-,,,,,,,,,,,,,,
E,688,monkeypoxpandemic.com,Parked,,-,-,,,,,,,,,,,,,,
,,,,,,,,,,,,,,,,,,,,
,,,,,,,,,,,,,,,,,,,,
,,,,,,,,,,,,,,,,,,,,
,,,,,,,,,,,,,,,,,,,,
,,,,,,,,,,,,,,,,,,,,
,,,,,,,,,,,,,,,,,,,,
,,,,,,,,,,,,,,,,,,,,
-,F,·,Forward,Sites,-51,-,,,,,,,,,,,,,,
F,965,wranglerjmforum.com,Parked,,-,-,,,,,,,,,,,,,,
,,,,,,,,,,,,,,,,,,,,
,,,,,,,,,,,,,,,,,,,,
,,,,,,,,,,,,,,,,,,,,
,,,,,,,,,,,,,,,,,,,,
,,,,,,,,,,,,,,,,,,,,
,,,,,,,,,,,,,,,,,,,,
,,,,,,,,,,,,,,,,,,,,
,,,,,,,,,,,,,,,,,,,,
-,G,·,Brand and private label,Sites,,-,,,,,,,,,,,,,,
G,349,limitstrapz.com,Limit Straps,Bull Strap,?,1-4%,,,,,,,,,,,,,,
G,1036,limitingstraps.com,Limit Straps,Bull Strap,-,-,,,,,,,,,,,,,,
G,649,limitingstrap.com,Limit Straps,,-,-,,,,,,,,,,,,,,
G,650,limitstraps.com,Limit Straps,,-,-,,,,,,,,,,,,,,
,,,,,,,,,,,,,,,,,,,,
,,,,,,,,,,,,,,,,,,,,
,,,,,,,,,,,,,,,,,,,,
,,,,,,,,,,,,,,,,,,,,
,,,,,,,,,,,,,,,,,,,,
,,,,,,,,,,,,,,,,,,,,
,,,,,,,,,,,,,,,,,,,,
,,,,,,,,,,,,,,,,,,,,
-,H,·,Brand and competitors,Sites,,-,,,,,,,,,,,,,,
,,,,,,,,,,,,,,,,,,,,
H,376,tipfreerestaurantapp.com,Restaurant Apps,SkipATip,? err,,,,,,,,,,,,,,,
H,377,topblockchainapp.com,Crypto,BlockchainABCs,?,,,,,,,,,,,,,,,
H,378,topcryptocurrencyapp.com,Crypto,BlockchainABCs,?,,,,,,,,,,,,,,,
H,379,topdiningapps.com,Restaurant Apps,SkipATip,?,,,,,,,,,,,,,,,
H,374,notippingapps.com,Restaurant Apps,SkipATip,?,,,,,,,,,,,,,,,
H,481,blockchaincoursesonline.com,Parked,,-,-,,,,,,,,,,,,,,
H,482,blockchainforstudents.com,Parked,,-,-,,,,,,,,,,,,,,
H,483,blockchainforuniversities.com,Parked,,-,-,,,,,,,,,,,,,,
H,898,topbankingapp.com,Parked,,-,-,,,,,,,,,,,,,,
H,899,topcurrencyapp.com,Parked,,-,-,,,,,,,,,,,,,,
H,900,topeducationapp.com,Parked,,-,-,,,,,,,,,,,,,,
H,904,topschoolapp.com,Parked,,-,-,,,,,,,,,,,,,,
H,445,bestbankingapp.com,Parked,SkipATip,-,-,,,,,,,,,,,,,,
H,303,bestrestaurantapps.com,Restaurant Apps,SkipATip,?,3-5%,,,,,,,,,,,,,,
H,306,bestrestaurantapp.com,Restaurant Apps,SkipATip,? err,3-5%,,,,,,,,,,,,,,
B,451,bestcurrencyapp.com,,,-,-,,,,,,,,,,,,,,
B,453,besteducationapp.com,,,-,-,,,,,,,,,,,,,,
,,,,,,,,,,,,,,,,,,,,
,,,,,,,,,,,,,,,,,,,,
-,I,·,Informational,Sites,,-,,,,,,,,,,,,,,
I,568,directbizdata.com,Parked,,-,-,,,,,,,,,,,,,,
I,531,combinedratings.com,Parked,,-,-,,,,,,,,,,,,,,
I,388,actualrating.com,Parked,,-,-,,,,,,,,,,,,,,
I,412,averagedreviews.com,Parked,,-,-,,,,,,,,,,,,,,
I,690,mosttrustedreview.com,Parked,,-,-,,,,,,,,,,,,,,
I,973,zerostarreview.com,Parked,,-,-,,,,,,,,,,,,,,
I,974,zombiehumandisease.com,Parked,,-,-,,,,,,,,,,,,,,
I,748,polyesterbatt.com,Parked,,-,-,,,,,,,,,,,,,,
I,922,trustedreviewscore.com,Parked,,-,-,,,,,,,,,,,,,,
I,611,gladiator-forum.com,Parked,,-,-,,,,,,,,,,,,,,
I,614,gladiatorrecall.com,Parked,,-,-,,,,,,,,,,,,,,
I,844,sourcedratings.com,Parked,,-,-,,,,,,,,,,,,,,
I,683,mollepatent.com,Parked,,-,-,,,,,,,,,,,,,,
I,685,molleseatpatent.com,Parked,,-,-,,,,,,,,,,,,,,
I,818,seatpatent.com,Parked,,-,-,,,,,,,,,,,,,,
,,,,,,,,,,,,,,,,,,,,
-,J,·,News,Sites,,-,,,,,,,,,,,,,,
J,365,thedailycheer.com,General,,?,1-4%,,,,,,,,,,,,,,
,,,,,,,,,,,,,,,,,,,,
,,,,,,,,,,,,,,,,,,,,
,,,,,,,,,,,,,,,,,,,,
,,,,,,,,,,,,,,,,,,,,
,,,,,,,,,,,,,,,,,,,,
-,K,·,,Sites,,-,,,,,,,,,,,,,,
,,,,,,,,,,,,,,,,,,,,
K,969,wrangliator.com,Parked,,-,-,,,,,,,,,,,,,,
K,862,swalmy.com,Parked,,-,-,,,,,,,,,,,,,,
G,683,mollepatent.com,Parked,,-,-,,,,,,,,,,,,,,
G,685,molleseatpatent.com,Parked,,-,-,,,,,,,,,,,,,,
,,,,,,,,,,,,,,,,,,,,
,,,,,,,,,,,,,,,,,,,,
-,L,·,,Sites,,-,,,,,,,,,,,,,,
,,,,,,,,,,,,,,,,,,,,
,,,,,,,,,,,,,,,,,,,,
,,,,,,,,,,,,,,,,,,,,
,,,,,,,,,,,,,,,,,,,,
,,,,,,,,,,,,,,,,,,,,
-,S,·,,Sites,,-,,,,,,,,,,,,,,
,,,,,,,,,,,,,,,,,,,,
,,,,,,,,,,,,,,,,,,,,
S,948,wehavenuts.com,,,-,-,,,,,,,,,,,,,,
S,651,localfastener.com,,,-,-,,,,,,,,,,,,,,
,,,,,,,,,,,,,,,,,,,,
,,,,,,,,,,,,,,,,,,,,
,,,,,,,,,,,,,,,,,,,,
,,,,,,,,,,,,,,,,,,,,
,,,,,,,,,,,,,,,,,,,,
,,,,,,,,,,,,,,,,,,,,
,,,,,,,,,,,,,,,,,,,,
,,,,,,,,,,,,,,,,,,,,
,,,,,,,,,,,,,,,,,,,,
,,,,,,,,,,,,,,,,,,,,
-,W,·,Protected,-,Do,Not,Touch,-12,-,,,,,,,,,,,
W,975,barktact.com,? bartact.com,Bartact,-,-,,,,,,,,,,,,,,
W,976,bartacks.com,? bartact.com,Bartact,-,-,,,,,,,,,,,,,,
W,913,trakarmor.com,? bartact.com,Bartact,-,-,,,,,,,,,,,,,,
W,1028,bartactdubai.com,Protected,Bartact,-,-,,,,,,,,,,,,,,
W,1029,bartactical.com,Protected,Bartact,-,-,,,,,,,,,,,,,,
W,1030,bartactuae.com,Protected,Bartact,-,-,,,,,,,,,,,,,,
W,1028,bartactdubai.com,Protected,Bartact,-,-,,,,,,,,,,,,,,
W,977,bloxfilter.com,? bloxfilters.com,Walk Industrial,-,-,,,,,,,,,,,,,,
W,979,bowtiefilter.com,? bowtiefilters.com,Bowtie Filters,-,-,,,,,,,,,,,,,,
W,373,flatlinefilters.com,HVAC Filters,Walk Industrial,?,,,,,,,,,,,,,,,
W,375,sprayshops.com,General,SkipATip,?,,,,,,,,,,,,,,,
W,430,bartacked.com,Parked,Bartact,-,-,,,,,,,,,,,,,,
W,995,filterblox.com,? walkindustrial.com,Walk Industrial,-,-,,,,,,,,,,,,,,
W,587,factorfilter.com,Parked,Factor Filters,-,-,,,,,,,,,,,,,,
W,970,xfactorfilter.com,Parked,Factor Filters,-,-,,,,,,,,,,,,,,
W,992,bullystrap.com,? bullstrap.com,Bull Strap,-,-,,,,,,,,,,,,,,
W,993,bullystraps.com,? bullstrap.com,Bull Strap,-,-,,,,,,,,,,,,,,
W,994,factorfilters.com,? walkindustrial.com,Walk Industrial,-,-,,,,,,,,,,,,,,
W,997,gridguardusa.com,? gridguardsusa.com,Grid Guards,-,-,,,,,,,,,,,,,,
W,998,hspdealers.com,? hspseats.com,HSP Off Road,-,-,,,,,,,,,,,,,,
W,985,brazencorp.com,? brazenproducts.com,,-,-,,,,,,,,,,,,,,
,,,,,,,,,,,,,,,,,,,,
,,,,,,,,,,,,,,,,,,,,
,,,,,,,,,,,,,,,,,,,,
,,,,,,,,,,,,,,,,,,,,
,,,,,,,,,,,,,,,,,,,,
,,,,,,,,,,,,,,,,,,,,
,,,,,,,,,,,,,,,,,,,,
,,,,,,,,,,,,,,,,,,,,
,,,,,,,,,,,,,,,,,,,,
,,,,,,,,,,,,,,,,,,,,
,,,,,,,,,,,,,,,,,,,,
,,,,,,,,,,,,,,,,,,,,
,,,,,,,,,,,,,,,,,,,,
,,,,,,,,,,,,,,,,,,,,
,,,,,,,,,,,,,,,,,,,,
,,,,,,,,,,,,,,,,,,,,
,,,,,,,,,,,,,,,,,,,,
,,,,,,,,,,,,,,,,,,,,
,,,,,,,,,,,,,,,,,,,,
-,X,·,Protected,-,Do,Not,Touch,-12,-,,,,,,,,,,,
,,,,,,,,,,,,,,,,,,,,
,,,,,,,,,,,,,,,,,,,,
X,1027,bartact.com,Protected,Bartact,-,-,,,,,,,,,,,,,,
X,1033,bullstrap.com,Protected,Bull Strap,-,-,,,,,,,,,,,,,,
X,1031,blockchainabcs.com,Protected,BlockchainABCs,-,-,,,,,,,,,,,,,,
X,1032,bowtiefilters.com,Protected,Bowtie Filters,-,-,,,,,,,,,,,,,,
X,1034,faithfulpassages.com,Protected,Faithful Passages,-,-,,,,,,,,,,,,,,
X,1035,hspseats.com,Protected,Bartact,-,-,,,,,,,,,,,,,,
X,1037,skipatip.com,Protected,SkipATip,-,-,,,,,,,,,,,,,,
X,999,hspoffroad.com,Protected,,-,-,,,,,,,,,,,,,,
X,1011,pincersports.com,Protected,,-,-,,,,,,,,,,,,,,
X,978,bloxfilters.com,Protected,Walk Industrial,-,-,,,,,,,,,,,,,,
X,1000,huntersafetyproducts.com,Protected,,-,-,,,,,,,,,,,,,,
X,996,gridguardsusa.com,? gridguardsusa.com,,-,-,,,,,,,,,,,,,,
X,424,ballkinis.com,Parked,,-,-,,,,,,,,,,,,,,
X,982,brazenauto.com,? brazenproducts.com,,-,-,,,,,,,,,,,,,,
X,620,holidayheinies.com,Parked,,-,-,,,,,,,,,,,,,,
